label,area,perimeter,eccentricity,solidity,equivalent_diameter,centroid_x,centroid_y,min_intensity,max_intensity,mean_intensity
1,2.0,0.0,1.0,1.0,1.5957691216057308,5.5,10.0,0.5821216106414795,0.5821216106414795,0.5821216
2,256.0,90.38477631085024,0.9682611545821428,0.8707482993197279,18.0540666735282,3.375,23.8203125,0.4620528817176819,0.7814589738845825,0.57774436
3,10.0,8.82842712474619,0.6831300510639732,1.0,3.5682482323055424,408.2,21.5,0.6107736825942993,0.6107736825942993,0.6107737
4,4.0,2.0,1.0,1.0,2.256758334191025,6.5,32.0,0.5851892828941345,0.6320633292198181,0.6112952
5,40.0,21.899494936611664,0.8231248370555013,0.9523809523809523,7.136496464611085,19.3,36.225,0.6329836249351501,0.6353150606155396,0.634022
6,22.0,15.65685424949238,0.8394250524174952,0.8148148148148148,5.292567428401227,61.86363636363637,36.22727272727273,0.6140867471694946,0.6210810542106628,0.6161365
7,59.0,32.48528137423857,0.899771341543169,0.8309859154929577,8.667244841319219,5.88135593220339,44.728813559322035,0.5099085569381714,0.6385054588317871,0.55760413
8,12.0,9.65685424949238,0.0,1.0,3.9088200952233594,57.5,45.5,0.6100987792015076,0.6113258600234985,0.6107276
9,987.0,167.2903679018718,0.8877345295784143,0.8329113924050633,35.449787455690135,405.67477203647417,50.09929078014184,0.2386035919189453,0.6453156471252441,0.4553531
10,3694.0,282.1787155501902,0.5882556827553839,0.9148093115403665,68.58095127841032,132.33974011911207,62.8714131023281,0.029204245656728745,0.6440272331237793,0.39845106
11,34.0,18.485281374238568,0.5082559240684967,1.0,6.579524642479541,20.0,67.73529411764706,0.6021841764450073,0.6380759477615356,0.6277813
12,16.0,11.65685424949238,0.5773502691896258,1.0,4.51351666838205,362.5,68.0,0.5791152715682983,0.6343333721160889,0.61978877
13,16.0,11.65685424949238,0.5773502691896258,1.0,4.51351666838205,378.0,69.5,0.6065402626991272,0.6103441715240479,0.60843456
14,11.0,10.242640687119286,0.8105877693297839,0.7857142857142857,3.742410318509555,282.45454545454544,92.36363636363636,0.6148229837417603,0.6384440660476685,0.6236468
15,22.0,14.82842712474619,0.7399869222907188,1.0,5.292567428401227,2.272727272727273,103.5,0.6194245219230652,0.6375237703323364,0.63382024
16,19.0,14.207106781186548,0.8955607245522076,0.95,4.918490759365935,195.68421052631578,113.94736842105263,0.5611387491226196,0.6206516027450562,0.5690824
17,27.0,17.071067811865476,0.7446906253504642,0.9310344827586207,5.863230142835039,126.51851851851852,122.70370370370371,0.550585925579071,0.6009570956230164,0.5698827
18,21.0,15.65685424949238,0.764071872993315,0.7777777777777778,5.170882945826411,126.66666666666667,132.85714285714286,0.5600957274436951,0.6272777318954468,0.5896038
19,16.0,11.65685424949238,0.5773502691896258,1.0,4.51351666838205,154.5,136.0,0.606233537197113,0.6158046722412109,0.61093086
20,63.0,30.727922061357855,0.8592011213181859,0.8873239436619719,8.95623198216277,164.22222222222223,138.76190476190476,0.5839622020721436,0.6338425874710083,0.6076164
21,10.0,8.207106781186548,0.6546536707079772,0.9090909090909091,3.5682482323055424,187.2,148.1,0.6088103652000427,0.610282838344574,0.6094546
22,20.0,13.65685424949238,0.6381682701976977,1.0,5.046265044040321,177.75,149.05,0.5554941892623901,0.6380146145820618,0.59871155
23,49.0,32.48528137423857,0.9511516722443037,0.8305084745762712,7.898654169668588,413.51020408163265,155.16326530612244,0.5388674139976501,0.8452052474021912,0.6218073
24,19.0,13.65685424949238,0.776661503145017,1.0,4.918490759365935,145.57894736842104,154.31578947368422,0.6084422469139099,0.6206516027450562,0.6147713
25,10.0,9.035533905932738,0.9457452108775426,0.7692307692307693,3.5682482323055424,162.9,160.7,0.6094238758087158,0.6267869472503662,0.61928344
26,11.0,10.242640687119286,0.8029966139691335,1.0,3.742410318509555,219.72727272727272,160.72727272727272,0.6003435850143433,0.6033499240875244,0.60168225
27,30.0,18.65685424949238,0.585636197894188,0.8108108108108109,6.180387232371033,226.96666666666667,161.93333333333334,0.5801582932472229,0.6298546195030212,0.6116837
28,18.0,14.0,0.8783100656536799,1.0,4.787307364817192,192.0,168.5,0.524756133556366,0.545677661895752,0.53515893
29,51.0,30.349242404917497,0.6866230185288154,0.7183098591549296,8.058239062071396,217.45098039215685,170.8235294117647,0.5451254844665527,0.6266642212867737,0.566936
30,10.0,8.207106781186548,0.6546536707079772,0.9090909090909091,3.5682482323055424,140.9,170.2,0.6151911020278931,0.6293023824691772,0.62147367
31,16.0,11.65685424949238,0.5773502691896258,1.0,4.51351666838205,245.0,171.5,0.6132891774177551,0.6167863011360168,0.6150607
32,25.0,16.82842712474619,0.8279907159480056,1.0,5.641895835477563,412.32,171.36,0.47831153869628906,0.6326768398284912,0.5741285
33,18.0,13.65685424949238,0.6625654585447003,0.9,4.787307364817192,148.83333333333334,173.72222222222223,0.5633474588394165,0.5763543844223022,0.569493
34,42.0,27.14213562373095,0.9318677146649701,0.711864406779661,7.312732791431452,199.26190476190476,177.21428571428572,0.5495429039001465,0.5704644322395325,0.56517196
35,28.0,17.65685424949238,0.8599394154935147,1.0,5.970821321441846,11.5,178.5,0.6340266466140747,0.635192334651947,0.6346095
36,50.0,25.899494936611667,0.8650686768654942,0.9615384615384616,7.978845608028654,401.6,177.96,0.5691760182380676,0.6336585283279419,0.6064139
37,32.0,19.65685424949238,0.8918825850158447,1.0,6.383076486422923,178.5,182.0,0.5462298393249512,0.6104668974876404,0.5964074
38,58.0,25.899494936611667,0.7131236476782825,0.9830508474576272,8.593479713983122,188.5344827586207,184.01724137931035,0.5096631646156311,0.6356831789016724,0.5914368
39,16.0,11.65685424949238,0.5773502691896258,1.0,4.51351666838205,287.5,184.0,0.5836554169654846,0.593656063079834,0.58851004
40,36.0,21.106601717798213,0.6888777258038467,0.9230769230769231,6.770275002573076,137.91666666666666,184.25,0.5513221621513367,0.6375237703323364,0.6059915
41,16.0,11.65685424949238,0.5773502691896258,1.0,4.51351666838205,212.5,187.0,0.5262286067008972,0.5291735529899597,0.5276781
42,9558.0,513.5229073212244,0.6105246022216638,0.8984771573604061,110.31601682701694,78.0516844528144,188.61016949152543,0.0,0.6996748447418213,0.40417615
43,10.0,8.207106781186548,0.6546536707079772,0.9090909090909091,3.5682482323055424,153.2,189.1,0.6158046722412109,0.6285661458969116,0.623075
44,10.0,8.207106781186548,0.6546536707079772,0.9090909090909091,3.5682482323055424,201.2,189.1,0.6291183233261108,0.630222737789154,0.62971354
45,10.0,8.207106781186548,0.6546536707079772,0.9090909090909091,3.5682482323055424,392.2,188.9,0.6296705603599548,0.6332904100418091,0.6312841
46,5.0,5.207106781186548,0.816496580927726,1.0,2.5231325220201604,164.4,195.2,0.6315724849700928,0.6369715929031372,0.63455427
47,16.0,11.65685424949238,0.5773502691896258,1.0,4.51351666838205,185.5,194.0,0.6339039206504822,0.635192334651947,0.6345251
48,11.0,8.414213562373096,0.674199862463242,0.8461538461538461,3.742410318509555,222.8181818181818,194.0,0.6072764992713928,0.6233510971069336,0.6094016
49,19.0,13.65685424949238,0.7766615031450171,1.0,4.918490759365935,410.6842105263158,194.42105263157896,0.5132216811180115,0.6206516027450562,0.5907369
50,25.0,17.65685424949238,0.7857443602734853,0.7352941176470589,5.641895835477563,10.36,194.8,0.6359899640083313,0.6360512971878052,0.63604635
51,12.0,9.65685424949238,0.0,1.0,3.9088200952233594,282.5,195.5,0.618565559387207,0.6230443716049194,0.6207947
52,63.0,35.7634559672906,0.912354890404393,0.8181818181818182,8.95623198216277,396.6031746031746,199.14285714285714,0.5546966195106506,0.6329836249351501,0.59902394
53,5.0,5.414213562373095,0.9380831519646858,1.0,2.5231325220201604,163.8,197.8,0.6309589743614197,0.6383213400840759,0.63525367
54,19.0,13.65685424949238,0.776661503145017,1.0,4.918490759365935,219.68421052631578,200.57894736842104,0.5492361783981323,0.5969077944755554,0.5857576
55,25.0,16.485281374238568,0.6589752126678906,0.8928571428571429,5.641895835477563,269.72,200.44,0.6281980276107788,0.6366034746170044,0.63253206
56,37.0,19.31370849898476,0.0,1.0,6.863662517577698,204.0,201.0,0.5723050236701965,0.592428982257843,0.5869669
57,85.0,36.17766952966369,0.852606689143825,0.8854166666666666,10.403141895720198,145.1764705882353,204.72941176470587,0.5341432094573975,0.6443953514099121,0.6135627
58,85.0,34.14213562373095,0.6712414522802735,0.9139784946236559,10.403141895720198,12.176470588235293,209.11764705882354,0.5594821572303772,0.6360512971878052,0.5959023
59,20.0,14.414213562373096,0.9109659701031064,0.9090909090909091,5.046265044040321,397.0,209.5,0.5698509216308594,0.6289956569671631,0.60034055
60,11.0,8.414213562373096,0.7905694150420949,0.8461538461538461,3.742410318509555,158.0,214.0,0.6220013499259949,0.6298546195030212,0.62588334
61,6954.0,498.2386360737624,0.6272877238826033,0.8685985510866849,94.09626875752471,342.00215703192407,221.15458728789187,0.012700165621936321,0.6502239108085632,0.41074136
62,13.0,9.035533905932738,0.9507349008071327,0.8125,4.068428945128219,154.15384615384616,220.30769230769232,0.57365483045578,0.635499119758606,0.60075414
63,19.0,13.65685424949238,0.776661503145017,1.0,4.918490759365935,195.68421052631578,220.57894736842104,0.5897907614707947,0.6314497590065002,0.60985017
64,40.0,24.727922061357855,0.8019018057149929,0.9090909090909091,7.136496464611085,127.125,224.2,0.6043928861618042,0.6383827328681946,0.62257344
65,31.0,19.449747468305834,0.6934636324221936,0.9117647058823529,6.282549314314218,273.1290322580645,222.58064516129033,0.6075832843780518,0.6275845170021057,0.6205269
66,11.0,8.414213562373096,0.7905694150420949,0.8461538461538461,3.742410318509555,156.0,226.0,0.6173384785652161,0.6301000118255615,0.62367463
67,19.0,14.242640687119286,0.7929303047525029,0.95,4.918490759365935,120.47368421052632,228.21052631578948,0.5540217161178589,0.6374624371528625,0.58336157
68,9.0,8.035533905932738,0.9220355298098003,0.9,3.385137501286538,12.222222222222221,230.55555555555554,0.5991778373718262,0.6111418008804321,0.60189784
69,10.0,8.207106781186548,0.6546536707079772,0.9090909090909091,3.5682482323055424,173.2,233.1,0.6234738230705261,0.6334130764007568,0.6292717
70,8.0,8.242640687119286,0.8843384945005575,1.0,3.1915382432114616,12.125,235.75,0.6073378920555115,0.6111418008804321,0.6089254
71,22.0,15.65685424949238,0.8640779449668834,1.0,5.292567428401227,178.5,238.0,0.5691146850585938,0.6174612045288086,0.59132457
72,11.0,8.414213562373096,0.7905694150420949,0.8461538461538461,3.742410318509555,124.0,238.0,0.6159887313842773,0.6259893178939819,0.62094164
73,35.0,21.27817459305202,0.8392595065080976,0.9459459459459459,6.6755811781245455,116.34285714285714,237.68571428571428,0.6191790699958801,0.6383213400840759,0.6305505
74,30.0,19.65685424949238,0.8780413452623483,0.9090909090909091,6.180387232371033,150.3,239.2,0.5613841414451599,0.6091784834861755,0.5806716
75,16.0,11.65685424949238,0.5773502691896258,1.0,4.51351666838205,171.5,242.0,0.6083195209503174,0.6170316934585571,0.61274076
76,25.0,16.485281374238568,0.6589752126678906,0.8928571428571429,5.641895835477563,214.56,242.72,0.569666862487793,0.6017547249794006,0.5914891
77,10.0,6.82842712474619,0.9128709291752768,1.0,3.5682482323055424,287.5,243.5,0.567212700843811,0.593349277973175,0.57896805
78,28.0,17.899494936611667,0.6765232092579805,0.9032258064516129,5.970821321441846,71.21428571428571,244.32142857142858,0.5385606288909912,0.630897581577301,0.59708744
79,19.0,13.65685424949238,0.776661503145017,1.0,4.918490759365935,79.6842105263158,244.57894736842104,0.6220626831054688,0.6347628831863403,0.6288923
80,31.0,19.656854249492383,0.6706814525339179,0.8378378378378378,6.282549314314218,31.258064516129032,246.16129032258064,0.6217559576034546,0.6377691626548767,0.62890464
81,14.0,11.414213562373096,0.8165399631383785,1.0,4.222008245644752,145.14285714285714,247.07142857142858,0.6298546195030212,0.6385054588317871,0.63421947
82,15.0,12.485281374238571,0.5946622473352391,0.8823529411764706,4.370193722368317,133.06666666666666,247.93333333333334,0.6279526352882385,0.6370943188667297,0.63260734
83,43.0,25.278174593052025,0.7616244434709425,0.8269230769230769,7.399277020331919,393.93023255813955,247.74418604651163,0.5464138984680176,0.6366034746170044,0.6166207
84,15.0,11.65685424949238,0.7343887778710586,1.0,4.370193722368317,154.26666666666668,248.93333333333334,0.5932879447937012,0.598871111869812,0.596192
85,26.0,18.035533905932738,0.8383763308872327,0.896551724137931,5.753627391751592,86.26923076923077,251.80769230769232,0.6021841764450073,0.6335971355438232,0.61417407
86,32.0,18.82842712474619,0.7242205959787218,1.0,6.383076486422923,38.25,250.84375,0.6130437254905701,0.6378918886184692,0.62863326
87,20.0,15.071067811865476,0.834178820106504,1.0,5.046265044040321,110.25,252.6,0.5657402276992798,0.6326155066490173,0.61020005
88,18.0,14.242640687119286,0.899994626486704,1.0,4.787307364817192,400.1666666666667,251.94444444444446,0.6134118437767029,0.6366034746170044,0.63001484
89,13.0,10.82842712474619,0.7027994916802893,1.0,4.068428945128219,120.23076923076923,253.23076923076923,0.5880728960037231,0.6286275386810303,0.60299593
90,9.0,8.035533905932738,0.9220355298098002,0.9,3.385137501286538,80.55555555555556,254.22222222222223,0.6043315529823303,0.6367262005805969,0.6214083
91,42.0,24.485281374238568,0.8683364625342512,0.9130434782608695,7.312732791431452,208.95238095238096,254.21428571428572,0.5770906209945679,0.6293023824691772,0.5977448
92,16.0,13.207106781186548,0.7876480070835765,0.8888888888888888,4.51351666838205,384.875,257.125,0.6002822518348694,0.6356831789016724,0.61475396
93,19.0,14.207106781186548,0.8955607245522076,0.95,4.918490759365935,390.6842105263158,257.05263157894734,0.5938401222229004,0.6122461557388306,0.59952015
94,25.0,16.485281374238568,0.6589752126678906,0.8928571428571429,5.641895835477563,51.72,258.44,0.6011411547660828,0.6190564036369324,0.60940915
95,19.0,13.65685424949238,0.776661503145017,1.0,4.918490759365935,144.31578947368422,258.57894736842104,0.5315049886703491,0.5547579526901245,0.54770875
96,84.0,38.97056274847714,0.8774453782477217,0.875,10.341765891652821,378.20238095238096,257.2857142857143,0.5337750911712646,0.6482606530189514,0.5754663
97,38.0,23.071067811865476,0.8612232479475685,0.926829268292683,6.955796338302048,23.94736842105263,258.3157894736842,0.5045095086097717,0.6374624371528625,0.5632829
98,31.0,18.485281374238568,0.7606434160319708,0.96875,6.282549314314218,155.29032258064515,259.19354838709677,0.5181912779808044,0.5939628481864929,0.58000785
99,13.0,11.035533905932738,0.5830102293069948,0.8125,4.068428945128219,110.38461538461539,259.3076923076923,0.5635315179824829,0.638566792011261,0.60880095
100,16.0,13.242640687119286,0.3702131226557593,0.8888888888888888,4.51351666838205,177.9375,260.3125,0.5078839063644409,0.6384440660476685,0.57934153
101,46.0,26.72792206135785,0.9018288876812468,0.92,7.653039857325812,123.5,261.3695652173913,0.5960488319396973,0.6385054588317871,0.6200406
102,18.0,13.65685424949238,0.8659164137144998,0.8571428571428571,4.787307364817192,167.27777777777777,261.27777777777777,0.602920413017273,0.6091784834861755,0.6057427
103,23.0,16.48528137423857,0.7651559250812817,0.9583333333333334,5.4115163798060095,306.95652173913044,262.60869565217394,0.6030431389808655,0.6372783780097961,0.6204381
104,13.0,10.207106781186548,0.7743457464718221,0.9285714285714286,4.068428945128219,172.69230769230768,263.9230769230769,0.6171544194221497,0.624087393283844,0.62111884
105,73.0,34.14213562373095,0.8675694629388646,0.9125,9.640875829802336,374.027397260274,267.90410958904107,0.5735321044921875,0.6429228782653809,0.6096021
106,31.0,19.449747468305834,0.6934636324221936,0.9117647058823529,6.282549314314218,396.5806451612903,267.8709677419355,0.5873979926109314,0.6351310014724731,0.6124855
107,10.0,8.207106781186548,0.6546536707079772,0.9090909090909091,3.5682482323055424,181.9,269.2,0.5230996012687683,0.6155592203140259,0.53260934
108,22.0,15.86396103067893,0.9108655708319222,0.88,5.292567428401227,120.95454545454545,270.8636363636364,0.524756133556366,0.6221854090690613,0.5625527
109,34.0,21.65685424949238,0.9175241103739916,1.0,6.579524642479541,154.5,270.5,0.49904900789260864,0.5652493834495544,0.5537726
110,23.0,16.035533905932738,0.7140352785826022,0.92,5.4115163798060095,197.82608695652175,270.60869565217394,0.5208294987678528,0.6130437254905701,0.5340845
111,16.0,11.65685424949238,0.5773502691896258,1.0,4.51351666838205,221.0,270.5,0.633044958114624,0.6337811946868896,0.63337094
112,20.0,15.65685424949238,0.8254856875073395,0.7692307692307693,5.046265044040321,98.9,271.35,0.5406466722488403,0.63733971118927,0.61171854
113,15.0,12.242640687119286,0.8118962350262185,0.9375,4.370193722368317,386.4,271.06666666666666,0.6113258600234985,0.6371556520462036,0.6261733
114,11.0,8.414213562373096,0.674199862463242,0.8461538461538461,3.742410318509555,301.1818181818182,272.0,0.5450640916824341,0.6367875337600708,0.5621037
115,31.0,18.48528137423857,0.5094738399707434,0.9393939393939394,6.282549314314218,162.5483870967742,275.35483870967744,0.6099147200584412,0.6386281251907349,0.6276697
116,63.0,27.899494936611664,0.7489615125037908,0.9692307692307692,8.95623198216277,370.92063492063494,277.46031746031747,0.5556782484054565,0.6450702548027039,0.6025553
117,10.0,8.82842712474619,0.6831300510639732,1.0,3.5682482323055424,128.2,277.5,0.5931038856506348,0.6236578822135925,0.60371804
118,10.0,9.035533905932738,0.9457452108775426,0.7692307692307693,3.5682482323055424,78.1,278.3,0.588441014289856,0.5961715579032898,0.5912326
119,43.0,24.31370849898476,0.7241667144502373,0.7543859649122807,7.399277020331919,198.90697674418604,278.6279069767442,0.5143873691558838,0.5604024529457092,0.53579116
120,10.0,8.207106781186548,0.6546536707079772,0.9090909090909091,3.5682482323055424,100.1,278.8,0.5812626481056213,0.5896680951118469,0.58584577
121,16.0,11.65685424949238,0.5773502691896258,1.0,4.51351666838205,260.5,279.0,0.6197312474250793,0.6265414953231812,0.6231824
122,21.0,14.242640687119284,0.712241974147557,1.0,5.170882945826411,152.14285714285714,279.85714285714283,0.60077303647995,0.6052518486976624,0.6028533
123,84.0,42.970562748477136,0.49421122058807365,0.7777777777777778,10.341765891652821,386.2261904761905,279.51190476190476,0.513098955154419,0.6378918886184692,0.5724431
124,12.0,9.65685424949238,0.0,1.0,3.9088200952233594,144.5,282.5,0.6194858551025391,0.6227989196777344,0.6211169
125,12.0,9.65685424949238,0.0,1.0,3.9088200952233594,277.5,282.5,0.593656063079834,0.6012025475502014,0.59740883
126,15.0,11.65685424949238,0.7343887778710586,1.0,4.370193722368317,35.266666666666666,282.93333333333334,0.5982575416564941,0.6100987792015076,0.6044584
127,23.0,16.27817459305202,0.6963168963727184,0.8518518518518519,5.4115163798060095,346.1304347826087,282.8695652173913,0.618872344493866,0.6378305554389954,0.62898225
128,15.0,11.414213562373096,0.4898979485566355,1.0,4.370193722368317,374.4,287.6,0.6179520487785339,0.6384440660476685,0.6285785
129,56.0,29.899494936611667,0.9275588416253248,0.9032258064516129,8.444016491289505,97.01785714285714,291.5,0.5575802326202393,0.6181974411010742,0.57917225
130,59.0,29.899494936611667,0.8481723628824609,0.9076923076923077,8.667244841319219,186.40677966101694,286.23728813559325,0.5190502405166626,0.5988097190856934,0.5300741
131,51.0,26.485281374238568,0.8535268369112562,0.9272727272727272,8.058239062071396,233.27450980392157,288.11764705882354,0.547825038433075,0.6242100596427917,0.58716464
132,19.0,13.65685424949238,0.776661503145017,1.0,4.918490759365935,386.3157894736842,288.57894736842104,0.5740842819213867,0.5923676490783691,0.5840623
133,19.0,14.207106781186548,0.8955607245522076,0.95,4.918490759365935,38.31578947368421,290.94736842105266,0.6190564036369324,0.6231670379638672,0.6211715
134,43.0,24.449747468305834,0.893599139955333,0.9148936170212766,7.399277020331919,166.2093023255814,291.6511627906977,0.5268421173095703,0.6085035800933838,0.58597827
135,10.0,8.207106781186548,0.6546536707079772,0.9090909090909091,3.5682482323055424,55.9,293.2,0.5670900344848633,0.5891159176826477,0.5704154
136,10.0,8.207106781186548,0.6546536707079772,0.9090909090909091,3.5682482323055424,151.1,292.8,0.5159212350845337,0.5324866771697998,0.51926506
137,26.0,17.071067811865476,0.7610887686218077,0.9285714285714286,5.753627391751592,374.03846153846155,293.0,0.5686238408088684,0.6346401572227478,0.5857532
138,19.0,14.207106781186548,0.8955607245522076,0.95,4.918490759365935,239.94736842105263,294.3157894736842,0.6153138279914856,0.6385054588317871,0.6271582
139,10.0,8.82842712474619,0.6831300510639732,1.0,3.5682482323055424,28.5,295.2,0.5323026180267334,0.6093012094497681,0.55579484
140,18.0,14.071067811865477,0.48472394249122197,0.6923076923076923,4.787307364817192,78.38888888888889,298.8888888888889,0.6195471882820129,0.6385054588317871,0.6334063
141,15.0,11.65685424949238,0.7343887778710585,1.0,4.370193722368317,52.733333333333334,299.06666666666666,0.588134229183197,0.5923062562942505,0.5900976
142,18.0,13.65685424949238,0.6625654585447002,0.9,4.787307364817192,183.27777777777777,298.8333333333333,0.5292349457740784,0.5839008688926697,0.55632585
143,12.0,9.65685424949238,0.0,1.0,3.9088200952233594,362.5,299.5,0.5747591853141785,0.5894226431846619,0.58202446
144,18.0,14.0,0.8783100656536799,1.0,4.787307364817192,39.0,304.5,0.5557396411895752,0.6218172907829285,0.5887989
145,48.0,24.31370849898476,0.6565836643108944,0.9411764705882353,7.817640190446719,254.70833333333334,302.0,0.5509540438652039,0.6383213400840759,0.5962802
146,19.0,13.65685424949238,0.776661503145017,1.0,4.918490759365935,197.42105263157896,304.6842105263158,0.6104055643081665,0.6163568496704102,0.6135087
147,11.0,10.242640687119286,0.8029966139691335,1.0,3.742410318509555,230.27272727272728,304.72727272727275,0.5211976170539856,0.5679489374160767,0.52900624
148,10.0,8.82842712474619,0.6831300510639732,1.0,3.5682482323055424,28.5,305.2,0.579851508140564,0.5851892828941345,0.5827044
149,13.0,10.82842712474619,0.7027994916802892,1.0,4.068428945128219,243.76923076923077,304.7692307692308,0.559175431728363,0.586907148361206,0.5698226
150,9.0,8.035533905932738,0.9220355298098003,0.9,3.385137501286538,378.77777777777777,305.55555555555554,0.5540830492973328,0.5633474588394165,0.5593868
151,11.0,8.414213562373096,0.7905694150420949,0.8461538461538461,3.742410318509555,23.0,308.0,0.5371494889259338,0.6197312474250793,0.5492306
152,27.0,19.035533905932738,0.5317747367918189,0.8709677419354839,5.863230142835039,205.14814814814815,308.8888888888889,0.5716915130615234,0.6004049181938171,0.57998556
153,61.0,33.692388155425114,0.9027922865468236,0.6931818181818182,8.812923024107548,213.672131147541,307.9836065573771,0.5165961384773254,0.6104055643081665,0.5716201
154,10.0,8.207106781186548,0.6546536707079772,0.9090909090909091,3.5682482323055424,150.9,310.2,0.5929811596870422,0.6240260004997253,0.5985152
155,10.0,8.414213562373096,0.905314505073067,0.7692307692307693,3.5682482323055424,359.5,312.8,0.6284434795379639,0.6383213400840759,0.6344991
156,15.0,11.65685424949238,0.6521405955174384,0.9375,4.370193722368317,369.6,310.06666666666666,0.592428982257843,0.6384440660476685,0.62176406
157,15.0,11.65685424949238,0.7343887778710586,1.0,4.370193722368317,16.933333333333334,311.26666666666665,0.6159273386001587,0.6188109517097473,0.6175921
158,9.0,8.035533905932738,0.9220355298098003,0.9,3.385137501286538,230.22222222222223,310.44444444444446,0.5705258250236511,0.5802196264266968,0.5763748
159,3552.0,310.072113832392,0.2824865625593577,0.8710152035311427,67.24988373892774,304.7787162162162,311.2871621621622,0.09810417890548706,0.6402846574783325,0.37066367
160,41.0,25.313708498984763,0.8014925248852461,0.8541666666666666,7.225151993843567,377.4390243902439,313.609756097561,0.5072090029716492,0.6383827328681946,0.5875342
161,68.0,30.86396103067893,0.5531816719201126,0.9444444444444444,9.304852983362556,3.426470588235294,317.6470588235294,0.49260690808296204,0.6150070428848267,0.5551504
162,20.0,14.82842712474619,0.8492748983974195,0.8,5.046265044040321,20.8,318.05,0.508129358291626,0.6380146145820618,0.6031629
163,39.0,22.485281374238568,0.5836543745870119,0.8863636363636364,7.046725639945928,217.35897435897436,318.4102564102564,0.5024234652519226,0.6383213400840759,0.60147625
164,29.0,19.31370849898476,0.7169826446771415,0.90625,6.076507779746499,129.06896551724137,319.3448275862069,0.5502178072929382,0.6194858551025391,0.57646227
165,73.0,36.384776310850235,0.8232548004431305,0.8202247191011236,9.640875829802336,192.87671232876713,321.1232876712329,0.5124240517616272,0.6251303553581238,0.564872
166,18.0,13.65685424949238,0.7660431811208576,0.9473684210526315,4.787307364817192,144.61111111111111,319.6666666666667,0.5797901749610901,0.638260006904602,0.58968174
167,41.0,21.899494936611664,0.7475008039622747,0.9534883720930233,7.225151993843567,361.7560975609756,321.3170731707317,0.5493588447570801,0.6209583282470703,0.57628703
168,10.0,8.207106781186548,0.6546536707079771,0.9090909090909091,3.5682482323055424,36.8,321.9,0.6307749152183533,0.6383213400840759,0.6350267
169,38.0,23.31370849898476,0.5040535571299691,0.8444444444444444,6.955796338302048,69.36842105263158,326.57894736842104,0.5904656648635864,0.6374010443687439,0.60793847
170,32.0,19.65685424949238,0.8918825850158447,1.0,6.383076486422923,32.0,328.5,0.5521811246871948,0.6197312474250793,0.5855612
171,13.0,9.035533905932738,0.9507349008071327,0.8125,4.068428945128219,45.15384615384615,327.6923076923077,0.6140867471694946,0.6253144145011902,0.61882985
172,16.0,11.65685424949238,0.5773502691896258,1.0,4.51351666838205,156.0,328.5,0.5373949408531189,0.5426099896430969,0.5399948
173,83.0,36.692388155425114,0.8979722685835099,0.9431818181818182,10.280023453913834,203.80722891566265,330.578313253012,0.5555555820465088,0.6295478343963623,0.60227066
174,10.0,6.82842712474619,0.9128709291752768,1.0,3.5682482323055424,137.5,335.5,0.6177679896354675,0.6220013499259949,0.6198785
175,30.0,19.071067811865476,0.8272353387858874,0.9375,6.180387232371033,177.73333333333332,337.3666666666667,0.4885575771331787,0.6358059048652649,0.5920936
176,22.0,15.65685424949238,0.8110203515912453,1.0,5.292567428401227,171.8181818181818,344.0,0.5938401222229004,0.6208969950675964,0.6100988
177,18.0,13.071067811865476,0.7226591383582849,1.0,4.787307364817192,195.38888888888889,344.27777777777777,0.5845143795013428,0.6266028881072998,0.610576
178,8.0,8.242640687119286,0.8843384945005575,1.0,3.1915382432114616,3.875,346.25,0.554880678653717,0.6178293228149414,0.58638567
179,25.0,16.485281374238568,0.6589752126678904,0.8928571428571429,5.641895835477563,23.56,346.28,0.5546966195106506,0.6179520487785339,0.6001325
180,67.0,29.349242404917497,0.5949283899350976,0.9054054054054054,9.23618154310838,187.62686567164178,348.25373134328356,0.5150009393692017,0.5993005633354187,0.57286084
181,22.0,15.65685424949238,0.8394250524174952,0.8148148148148148,5.292567428401227,160.86363636363637,350.22727272727275,0.5503405332565308,0.6005889773368835,0.5679071
182,12.0,10.035533905932738,0.8836643444889839,0.9230769230769231,3.9088200952233594,3.6666666666666665,352.0,0.5932879447937012,0.6181974411010742,0.60364646
183,4031.0,397.1553749530773,0.527016539197665,0.7966403162055335,71.64097015554326,96.8709997519226,353.4420739270652,0.06577090919017792,0.6377691626548767,0.39145815
184,15.0,11.65685424949238,0.7343887778710586,1.0,4.370193722368317,144.26666666666668,357.93333333333334,0.5918154716491699,0.6200380325317383,0.59871566
185,10.0,8.207106781186548,0.6546536707079772,0.9090909090909091,3.5682482323055424,177.2,359.1,0.5836554169654846,0.5874593257904053,0.5854715
186,25.0,16.485281374238568,0.7678721725576997,0.9615384615384616,5.641895835477563,33.12,360.48,0.5674581527709961,0.6377691626548767,0.6016271
187,3575.0,321.9716087690037,0.3900918492872123,0.8499762244412744,67.4672614860586,258.60223776223773,363.84755244755246,0.06215105205774307,0.6477698087692261,0.37116775
188,10.0,8.207106781186548,0.6546536707079772,0.9090909090909091,3.5682482323055424,141.1,363.8,0.6212651133537292,0.6234124898910522,0.62232035
189,40.0,24.485281374238568,0.901108661918867,0.9090909090909091,7.136496464611085,198.05,365.075,0.5564144849777222,0.6178293228149414,0.58968496
190,24.0,17.692388155425117,0.8047872534085309,0.9230769230769231,5.527906391541368,221.70833333333334,364.8333333333333,0.5662310719490051,0.6381372809410095,0.5996508
191,12.0,9.65685424949238,0.0,1.0,3.9088200952233594,149.5,369.5,0.5758635401725769,0.577704131603241,0.5767941
192,13.0,10.207106781186548,0.7743457464718221,0.9285714285714286,4.068428945128219,32.07692307692308,370.6923076923077,0.5408307313919067,0.6377078294754028,0.5581561
193,48.0,24.48528137423857,0.7828952316697331,0.9411764705882353,7.817640190446719,56.395833333333336,370.7083333333333,0.555862307548523,0.6314497590065002,0.6013265
194,30.0,19.65685424949238,0.7965841128426019,0.7894736842105263,6.180387232371033,207.56666666666666,369.53333333333336,0.6186882853507996,0.6323087215423584,0.62659055
195,16.0,11.65685424949238,0.5773502691896258,1.0,4.51351666838205,11.5,371.0,0.5280078649520874,0.5502791404724121,0.5445043
196,20.0,17.82842712474619,0.9580987853882644,0.7692307692307693,5.046265044040321,47.45,375.25,0.6304681301116943,0.6383827328681946,0.6347353
197,10.0,8.207106781186548,0.6546536707079771,0.9090909090909091,3.5682482323055424,36.8,375.9,0.6215718984603882,0.6304067969322205,0.62678695
198,12.0,10.0,0.6831300510639732,1.0,3.9088200952233594,59.0,377.5,0.5053684115409851,0.5558009743690491,0.5151288
199,10.0,8.82842712474619,0.6831300510639732,1.0,3.5682482323055424,3.8,379.5,0.5074544548988342,0.5282532572746277,0.513737
200,16.0,11.65685424949238,0.5773502691896258,1.0,4.51351666838205,143.0,386.5,0.5451254844665527,0.6008344292640686,0.5865697
201,22.0,15.65685424949238,0.8394250524174951,0.8148148148148148,5.292567428401227,227.22727272727272,385.8636363636364,0.5813239812850952,0.6260506510734558,0.61525244
202,23.0,16.863961030678926,0.8772964016064682,0.92,5.4115163798060095,127.3913043478261,387.8695652173913,0.5359838008880615,0.629056990146637,0.59655577
203,2172.0,201.23759005323592,0.5974036677452494,0.9242553191489362,52.58779602878194,352.15837937384896,386.95303867403317,0.09792011976242065,0.638566792011261,0.39281368
204,22.0,15.65685424949238,0.8394250524174952,0.8148148148148148,5.292567428401227,172.13636363636363,391.22727272727275,0.6132891774177551,0.6161113977432251,0.6152051
205,122.0,47.798989873223334,0.7808964229276919,0.7973856209150327,12.463355264843006,117.25409836065573,392.0163934426229,0.47481441497802734,0.6261120438575745,0.5655174
206,22.0,15.65685424949238,0.8394250524174951,0.8148148148148148,5.292567428401227,63.22727272727273,394.1363636363636,0.5467206835746765,0.6218172907829285,0.5870243
207,44.0,24.485281374238568,0.7629025622050774,0.8979591836734694,7.48482063701911,20.863636363636363,401.9318181818182,0.4984968304634094,0.6212037801742554,0.57247937
208,62.0,30.727922061357855,0.5831737916204522,0.8493150684931506,8.884866446580956,150.61290322580646,404.64516129032256,0.598625659942627,0.6234738230705261,0.61775416
209,27.0,17.071067811865476,0.5652243736385935,0.9642857142857143,5.863230142835039,248.33333333333334,404.7037037037037,0.600098192691803,0.6093012094497681,0.60439295
210,10.0,8.207106781186548,0.6546536707079772,0.9090909090909091,3.5682482323055424,264.1,404.8,0.6313270926475525,0.6350082755088806,0.63335174
211,16.0,11.65685424949238,0.5773502691896258,1.0,4.51351666838205,287.5,405.0,0.6237806081771851,0.6316338181495667,0.62768805
212,99.0,38.72792206135786,0.7805257466481382,0.9,11.227230955528665,3.787878787878788,409.050505050505,0.48321983218193054,0.6212037801742554,0.5779124
213,19.0,13.65685424949238,0.776661503145017,1.0,4.918490759365935,219.68421052631578,408.57894736842104,0.5378243923187256,0.6002208590507507,0.58663917
214,48.0,25.071067811865476,0.8082476829052883,0.9230769230769231,7.817640190446719,12.770833333333334,410.9791666666667,0.5962942242622375,0.6212037801742554,0.6160143
